{"cameraMode":{"drawMode":0,"name":"Shaded","section":"Shading Mode"},"sceneLighting":false,"audioPlay":false,"sceneViewState":{"m_AlwaysRefresh":false,"showFog":false,"showSkybox":false,"showFlares":false,"showImageEffects":false,"showParticleSystems":false,"showVisualEffectGraphs":true,"m_FxEnabled":true},"in2DMode":false,"pivot":{"x":0.6300094723701477,"y":0.9349282383918762,"z":-0.08046979457139969},"rotation":{"x":-0.05381753295660019,"y":0.9421895742416382,"z":-0.18492689728736878,"w":-0.2741971015930176},"size":0.11234866082668305,"orthographic":false}